"Reference","Qty","Value","DNP","Exclude from BOM","Exclude from Board","Footprint","Datasheet","Manufacturer","MPN","Description"
"C1,C4,C5,C6,C9,C10","6","1nF","","","","Capacitor_SMD:C_0603_1608Metric","~","Murata Electronics","GRM1885C1H102JA01D","CAP CER 1000PF 50V C0G/NP0 0603"
"C2,C3,C7,C8","4","10nF","","","","Capacitor_SMD:C_0402_1005Metric","~","Murata Electronics","GRM1555CYA103GE01D","CAP CER 10000PF 35V C0G/NP0 0402"
"C11,C12,C13,C14,C15,C16,C17,C18,C23,C28,C29,C32","12","100nF","","","","Capacitor_SMD:C_0402_1005Metric","~","Murata Electronics","GCM155R71H104KE02J","CAP CER 0.1UF 50V X7R 0402"
"C19,C33","2","1uF","","","","Capacitor_SMD:C_0603_1608Metric","~","Murata Electronics","GCM188R71E105KA64D","CAP CER 1UF 25V X7R 0603"
"C20,C21,C22,C25,C26,C27,C30,C31,C38","9","10uF","","","","Capacitor_SMD:C_0603_1608Metric","~","Murata Electronics","GRM188R6YA106MA73D","CAP CER 10UF 35V X5R 0603"
"C24","1","4.7uF","","","","Capacitor_SMD:C_0603_1608Metric","~","Murata Electronics","GRM188R61E475KE11D","CAP CER 4.7UF 25V X5R 0603"
"C34,C35","2","22uF","","","","Capacitor_SMD:C_0805_2012Metric","~","Murata Electronics","GRM21BR61E226ME44L","CAP CER 22UF 25V X5R 0805"
"C36,C37","2","15nF","","","","Capacitor_SMD:C_0603_1608Metric","~","TDK Corporation","C1608C0G1V153J080AC","CAP CER 0.015UF 35V NP0 0603"
"D1,D2,D3","3","LED_Green","","","","LED_SMD:LED_0603_1608Metric","~","Kingbright","APT1608CGCK","Green 570nm LED Indication - Discrete 2.1V 0603 (1608 Metric)"
"J1,J2,J3,J4,J5,J6,J7,J8,J9,J10,J11,J12,J13,J14,J15,J16,J17,J18","18","MMCX","","","","Connector_Coaxial:MMCX_Molex_73415-1471_Vertical","~","Samtec Inc.","MMCX-J-P-H-ST-TH1","CONN MMCX JACK STR 50 OHM PCB"
"J19","1","WP Jumper","","","","Connector_PinHeader_2.54mm:PinHeader_1x02_P2.54mm_Vertical","~","Harwin Inc.","M20-9990245","CONN HEADER VERT 2POS 2.54MM"
"L1,L2,L4,L5,L6","5","0603","","","","Inductor_SMD:L_0603_1608Metric","~","Murata ","BLM18AG121SN1D ","FERRITE BEAD 120 OHM 0603 1LN"
"L3","1","0805","","","","Inductor_SMD:L_0805_2012Metric","~","Wurth","742792040","FERRITE BEAD 600 OHM 0805 1LN"
"P1","1","ASP-134488-01","","","","Connector_Samtec:Samtec_FMC_ASP-134602-01_10x40_P1.27mm_Vertical","~","Samtec Inc.","ASP-134488-01","CONN ARRAY PLUG 400POS SMD GOLD"
"Q1,Q2","2","FDN335N","","","","Package_TO_SOT_SMD:SOT-23","~","onsemi","FDN335N","MOSFET N-CH 20V 1.7A SUPERSOT3"
"R1,R3","2","475R","","","","Resistor_SMD:R_0603_1608Metric","~","Yageo ","RC0603FR-07475RL ","RES 475 OHM 1% 1/10W 0603"
"R2,R4","2","100R","","","","Resistor_SMD:R_0603_1608Metric","~","Susumu","RR0816P-101-D","RES SMD 100 OHM 0.5% 1/16W 0603"
"R5,R6","2","3.65k","","","","Resistor_SMD:R_0603_1608Metric_Pad0.98x0.95mm_HandSolder","~","Yageo ","RC0603FR-073K65L","RES 3.65K OHM 1% 1/10W 0603"
"R7,R8,R13","3","11.5k","","","","Resistor_SMD:R_0603_1608Metric,Resistor_SMD:R_0603_1608Metric_Pad0.98x0.95mm_HandSolder","~","Yageo ","RC0603FR-0711K5L","RES 11.5K OHM 1% 1/10W 0603"
"R9","1","50R","","","","Resistor_SMD:R_1206_3216Metric","~","Vishay Dale","TNPW120650R0BEEN","RES 50 OHM 0.1% 0.52W 1206"
"R10,R11,R12,R14,R15,R26,R27","7","4.75k","","","","Resistor_SMD:R_0603_1608Metric","~","Yageo ","RC0603FR-134K75L","RES 4.75K OHM 1% 1/10W 0603"
"R16,R17","2","0R","","","","Resistor_SMD:R_0603_1608Metric","~","Panasonic Electronic Components","ERJ-3GEY0R00V","RES SMD 0 OHM JUMPER 1/10W 0603"
"R18,R19,R20","3","1k","","","","Resistor_SMD:R_0603_1608Metric","~","Rohm Semiconductor","ESR03EZPF1001","RES 1K OHM 1% 1/4W 0603"
"R21","1","0R","","","","Resistor_SMD:R_0805_2012Metric","~","Panasonic Electronic Components","ERJ-6GEY0R00V","RES SMD 0 OHM JUMPER 1/8W 0805"
"R22,R23","2","24.9R","","","","Resistor_SMD:R_0603_1608Metric","~","Vishay Dale","TNPW060324R9BEEA","RES 24.9 OHM 0.1% 0.21W 0603"
"R24,R25","2","49.9R","","","","Resistor_SMD:R_0603_1608Metric","~","Vishay Dale","TNPW060349R9BEEA","RES 49.9 OHM 0.1% 0.21W 0603"
"RN1,RN2","2","100k","","","","Resistor_SMD:R_Array_Convex_8x0602","~","Panasonic Electronic Components","EXB-2HV104JV","8 resistor network, parallel topology"
"RN3,RN4","2","100R","","","","Resistor_SMD:R_Array_Convex_8x0602","~","Panasonic Electronic Components","EXB-2HV101JV","8 resistor network, parallel topology"
"T1,T2","2","TCM2-43X+","","","","rf-input-fmc:Mini-Circuits_DB1627","~","MiniCircuits","TCM2-43X+","1:2 CORE & WIRE TRANSFORMER, 10"
"U1,U3","2","TCP-2-33W+","","","","rf-input-fmc:Mini-Circuits_DB1627","~","MiniCircuits","TCP-2-33W+","RF PWR DVDR 50MHZ-3GHZ 6SMD"
"U2,U4","2","ADL5501","","","","Package_TO_SOT_SMD:SOT-363_SC-70-6","https://www.analog.com/media/en/technical-documentation/data-sheets/adl5501.pdf","Analog Devices","ADL5501AKSZ-R7","IC RF DETECT 50MHZ-6GHZ SC70-6"
"U5","1","LMK01801","","","","Package_DFN_QFN:Texas_RGZ0048A_VQFN-48-1EP_7x7mm_P0.5mm_EP5.15x5.15mm_ThermalVias","https://www.ti.com/lit/gpn/lmk01801","Texas Instruments","LMK01801BISQE-NOPB","IC CLK BUF 1:8/1:6 3.1GHZ 48WQFN"
"U6","1","TPS7B92050DBVR","","","","Package_TO_SOT_SMD:SOT-23-5","https://www.ti.com/lit/ds/symlink/tps7b91.pdf","Texas Instruments","TPS7B92050DBVR","200mA Low Dropout Voltage Regulator, Fixed Output 3.3V, SOT-23-5"
"U7","1","ADS7253","","","","rf-input-fmc:Texas_RTE0016D_WQFN-16-1EP_3x3mm_P0.5mm_EP0.8x0.8mm_ThermalVias","https://www.ti.com/lit/ds/symlink/ads7253.pdf","Texas Instruments","ADS7253IRTET","IC ADC 12BIT SAR 16WQFN"
"U8","1","SN74LVC16244A-EP","","","","Package_SO:TSSOP-48_6.1x12.5mm_P0.5mm","https://www.ti.com/lit/ds/symlink/sn74lvc16244a-ep.pdf","Texas Instruments","SN74LVC16244ADGG","IC BUFF NON-INVERT 3.6V 48-TSSOP"
"U9","1","AT24C64D","","","","Package_SO:SOIC-8_3.9x4.9mm_P1.27mm","~","Microchip Technology","AT24C64D-SSHM-T","IC EEPROM 64KBIT I2C 1MHZ 8SOIC"
